tape	run	budget_s	nb_frames	duration_s	ratio	r_frame_rate	avg_frame_rate	wall_s	load_before	vhs_version	vhs_sha256	mp4_path	mp4_sha256
settle-sleep	1	20.000	474	18.960000	0.948	25/1	25/1	24.4	187.20	vhs version 0.12.1	4814a1a32b34640947efb7180124517fca84fca2fc14f99f2808cd3a207a7ca5	/Users/halilagin/root/github/rysh-ai/worktrees/video-tutorials-e5-settle/tapes/out/settle/settle-sleep-run1.mp4	b5e0c5602e4e93ed373494ccd1e80e1e9caad27616b02d22a0ce0e09f3aa7814
settle-type	1	20.000	497	19.880000	0.994	25/1	25/1	25.4	136.72	vhs version 0.12.1	4814a1a32b34640947efb7180124517fca84fca2fc14f99f2808cd3a207a7ca5	/Users/halilagin/root/github/rysh-ai/worktrees/video-tutorials-e5-settle/tapes/out/settle/settle-type-run1.mp4	abbc29371e1bf7dc0ed97e4742f34e94cccd6dcd7d4260b8cd31d5706f64d8c9
settle-sleep	2	20.000	467	18.680000	0.934	25/1	25/1	23.5	101.83	vhs version 0.12.1	4814a1a32b34640947efb7180124517fca84fca2fc14f99f2808cd3a207a7ca5	/Users/halilagin/root/github/rysh-ai/worktrees/video-tutorials-e5-settle/tapes/out/settle/settle-sleep-run2.mp4	ddd49989c9c4435ce0cc2c32e24090a0e079fd2380c7b1d12ee8a134c7962ff9
settle-type	2	20.000	495	19.800000	0.990	25/1	25/1	27.0	89.05	vhs version 0.12.1	4814a1a32b34640947efb7180124517fca84fca2fc14f99f2808cd3a207a7ca5	/Users/halilagin/root/github/rysh-ai/worktrees/video-tutorials-e5-settle/tapes/out/settle/settle-type-run2.mp4	22301aa379a8e9333adf43219dbc991f6b83707f25ad5e6c4dc26b5b19b5c0b5
settle-sleep	3	20.000	471	18.840000	0.942	25/1	25/1	23.8	69.21	vhs version 0.12.1	4814a1a32b34640947efb7180124517fca84fca2fc14f99f2808cd3a207a7ca5	/Users/halilagin/root/github/rysh-ai/worktrees/video-tutorials-e5-settle/tapes/out/settle/settle-sleep-run3.mp4	a4ee56fd4daa740db2b57818f351e184ea4779fcb04749c03e305ed7f7dfcc5a
settle-type	3	20.000	495	19.800000	0.990	25/1	25/1	25.2	59.10	vhs version 0.12.1	4814a1a32b34640947efb7180124517fca84fca2fc14f99f2808cd3a207a7ca5	/Users/halilagin/root/github/rysh-ai/worktrees/video-tutorials-e5-settle/tapes/out/settle/settle-type-run3.mp4	fcd314a3f18fe4ff618e886e3bcc2614c5a371e46474f242c2949548b98f1057
settle-sleep-40	1	40.000	944	37.760000	0.944	25/1	25/1	46.5	15.04	vhs version 0.12.1	4814a1a32b34640947efb7180124517fca84fca2fc14f99f2808cd3a207a7ca5	/Users/halilagin/root/github/rysh-ai/worktrees/video-tutorials-e5-settle/tapes/out/settle/settle-sleep-40-run1.mp4	4055c7b48b2267498323ce5ab2c6c1c3a8d3f96eba17017c84a0fa3fd43ac800
settle-type-40	1	40.000	987	39.480000	0.987	25/1	25/1	50.2	15.07	vhs version 0.12.1	4814a1a32b34640947efb7180124517fca84fca2fc14f99f2808cd3a207a7ca5	/Users/halilagin/root/github/rysh-ai/worktrees/video-tutorials-e5-settle/tapes/out/settle/settle-type-40-run1.mp4	e4b5ae8580b0954a404a4eabcf3e06d4fb44b71013602d82a796350a5fd21400
settle-sleep-40	2	40.000	944	37.760000	0.944	25/1	25/1	46.8	27.96	vhs version 0.12.1	4814a1a32b34640947efb7180124517fca84fca2fc14f99f2808cd3a207a7ca5	/Users/halilagin/root/github/rysh-ai/worktrees/video-tutorials-e5-settle/tapes/out/settle/settle-sleep-40-run2.mp4	52a96165b0671e13ab55f538b263f851525ce0267f63a2f4b3721a1eb16ebded
settle-type-40	2	40.000	989	39.560000	0.989	25/1	25/1	48.6	22.78	vhs version 0.12.1	4814a1a32b34640947efb7180124517fca84fca2fc14f99f2808cd3a207a7ca5	/Users/halilagin/root/github/rysh-ai/worktrees/video-tutorials-e5-settle/tapes/out/settle/settle-type-40-run2.mp4	c5b123186ea4cf2464e24329c80f481915394f4871187cf3d476cdac95655e8f
settle-sleep-40	3	40.000	944	37.760000	0.944	25/1	25/1	45.7	22.14	vhs version 0.12.1	4814a1a32b34640947efb7180124517fca84fca2fc14f99f2808cd3a207a7ca5	/Users/halilagin/root/github/rysh-ai/worktrees/video-tutorials-e5-settle/tapes/out/settle/settle-sleep-40-run3.mp4	b35d9dc45b6188a2499017782c67c6625c55021eab4bba63906bc96427010e84
settle-type-40	3	40.000	995	39.800000	0.995	25/1	25/1	49.3	15.61	vhs version 0.12.1	4814a1a32b34640947efb7180124517fca84fca2fc14f99f2808cd3a207a7ca5	/Users/halilagin/root/github/rysh-ai/worktrees/video-tutorials-e5-settle/tapes/out/settle/settle-type-40-run3.mp4	b85c4fef0458dee344416418cfef9717aa1acd75783073b11f02d3eba5dcc075
